date,product_id,product_name,category,store_id,quantity_sold,customer_id,current_inventory,selling_price,product_cost,supplier_lead_time,discount,promotion
2026-01-01,SKU-101,Baluchari Silk Saree,Handloom Sarees,STR-KOL-01,4,CUST-1001,42,8500,4800,7,0.05,1
2026-01-01,SKU-102,Cotton Daily Saree,Daily Wear,STR-KOL-01,12,CUST-1002,110,1200,650,4,0.00,0
2026-01-01,SKU-103,Linen Casual Saree,Casual Wear,STR-KOL-02,3,CUST-1003,58,2400,1300,5,0.00,0
2026-01-01,SKU-104,Tussar Silk Kurti,Ethnic Wear,STR-KOL-01,6,CUST-1004,35,4200,2300,6,0.10,1
2026-01-01,SKU-105,Kantha Stitch Stole,Accessories,STR-KOL-02,8,CUST-1005,64,1800,950,5,0.00,0
2026-01-02,SKU-101,Baluchari Silk Saree,Handloom Sarees,STR-KOL-01,5,CUST-1006,37,8500,4800,7,0.05,1
2026-01-02,SKU-102,Cotton Daily Saree,Daily Wear,STR-KOL-01,15,CUST-1007,95,1200,650,4,0.00,0
2026-01-02,SKU-103,Linen Casual Saree,Casual Wear,STR-KOL-02,2,CUST-1008,56,2400,1300,5,0.00,0
2026-01-02,SKU-106,Khadi Cotton Kurta,Mens Ethnic,STR-KOL-01,9,CUST-1009,48,1600,850,4,0.00,0
2026-01-02,SKU-107,Chanderi Dupatta,Accessories,STR-KOL-02,11,CUST-1010,40,2100,1100,5,0.15,1
2026-01-03,SKU-101,Baluchari Silk Saree,Handloom Sarees,STR-KOL-01,7,CUST-1011,30,8500,4800,7,0.05,1
2026-01-03,SKU-102,Cotton Daily Saree,Daily Wear,STR-KOL-01,18,CUST-1012,77,1200,650,4,0.00,0
2026-01-03,SKU-104,Tussar Silk Kurti,Ethnic Wear,STR-KOL-01,5,CUST-1013,30,4200,2300,6,0.00,0
2026-01-03,SKU-108,Kashmiri Pashmina Shawl,Luxury Winter,STR-KOL-01,2,CUST-1001,18,16500,9500,10,0.00,0
2026-01-03,SKU-105,Kantha Stitch Stole,Accessories,STR-KOL-02,7,CUST-1014,57,1800,950,5,0.00,0
2026-01-04,SKU-101,Baluchari Silk Saree,Handloom Sarees,STR-KOL-01,6,CUST-1015,24,8500,4800,7,0.05,1
2026-01-04,SKU-102,Cotton Daily Saree,Daily Wear,STR-KOL-01,14,CUST-1016,63,1200,650,4,0.00,0
2026-01-04,SKU-103,Linen Casual Saree,Casual Wear,STR-KOL-02,1,CUST-1017,55,2400,1300,5,0.00,0
2026-01-04,SKU-106,Khadi Cotton Kurta,Mens Ethnic,STR-KOL-01,10,CUST-1018,38,1600,850,4,0.00,0
2026-01-04,SKU-107,Chanderi Dupatta,Accessories,STR-KOL-02,9,CUST-1019,31,2100,1100,5,0.15,1
2026-01-05,SKU-101,Baluchari Silk Saree,Handloom Sarees,STR-KOL-01,8,CUST-1020,16,8500,4800,7,0.05,1
2026-01-05,SKU-102,Cotton Daily Saree,Daily Wear,STR-KOL-01,16,CUST-1021,47,1200,650,4,0.00,0
2026-01-05,SKU-104,Tussar Silk Kurti,Ethnic Wear,STR-KOL-01,4,CUST-1022,26,4200,2300,6,0.00,0
2026-01-05,SKU-108,Kashmiri Pashmina Shawl,Luxury Winter,STR-KOL-01,3,CUST-1006,15,16500,9500,10,0.00,0
2026-01-05,SKU-105,Kantha Stitch Stole,Accessories,STR-KOL-02,6,CUST-1023,51,1800,950,5,0.00,0
2026-01-06,SKU-101,Baluchari Silk Saree,Handloom Sarees,STR-KOL-01,5,CUST-1024,11,8500,4800,7,0.05,1
2026-01-06,SKU-102,Cotton Daily Saree,Daily Wear,STR-KOL-01,19,CUST-1025,28,1200,650,4,0.00,0
2026-01-06,SKU-103,Linen Casual Saree,Casual Wear,STR-KOL-02,2,CUST-1026,53,2400,1300,5,0.00,0
2026-01-06,SKU-106,Khadi Cotton Kurta,Mens Ethnic,STR-KOL-01,12,CUST-1027,26,1600,850,4,0.00,0
2026-01-06,SKU-107,Chanderi Dupatta,Accessories,STR-KOL-02,8,CUST-1028,23,2100,1100,5,0.15,1
2026-01-07,SKU-101,Baluchari Silk Saree,Handloom Sarees,STR-KOL-01,9,CUST-1029,2,8500,4800,7,0.05,1
2026-01-07,SKU-102,Cotton Daily Saree,Daily Wear,STR-KOL-01,17,CUST-1030,11,1200,650,4,0.00,0
2026-01-07,SKU-104,Tussar Silk Kurti,Ethnic Wear,STR-KOL-01,6,CUST-1001,20,4200,2300,6,0.00,0
2026-01-07,SKU-108,Kashmiri Pashmina Shawl,Luxury Winter,STR-KOL-01,2,CUST-1031,13,16500,9500,10,0.00,0
2026-01-07,SKU-105,Kantha Stitch Stole,Accessories,STR-KOL-02,10,CUST-1032,41,1800,950,5,0.00,0
2026-01-08,SKU-101,Baluchari Silk Saree,Handloom Sarees,STR-KOL-01,4,CUST-1033,18,8500,4800,7,0.00,0
2026-01-08,SKU-102,Cotton Daily Saree,Daily Wear,STR-KOL-01,22,CUST-1034,75,1200,650,4,0.00,0
2026-01-08,SKU-103,Linen Casual Saree,Casual Wear,STR-KOL-02,1,CUST-1035,52,2400,1300,5,0.00,0
2026-01-08,SKU-106,Khadi Cotton Kurta,Mens Ethnic,STR-KOL-01,14,CUST-1036,65,1600,850,4,0.00,0
2026-01-08,SKU-107,Chanderi Dupatta,Accessories,STR-KOL-02,6,CUST-1037,45,2100,1100,5,0.00,0
2026-01-09,SKU-101,Baluchari Silk Saree,Handloom Sarees,STR-KOL-01,6,CUST-1038,12,8500,4800,7,0.00,0
2026-01-09,SKU-102,Cotton Daily Saree,Daily Wear,STR-KOL-01,20,CUST-1039,55,1200,650,4,0.00,0
2026-01-09,SKU-104,Tussar Silk Kurti,Ethnic Wear,STR-KOL-01,7,CUST-1040,13,4200,2300,6,0.10,1
2026-01-09,SKU-108,Kashmiri Pashmina Shawl,Luxury Winter,STR-KOL-01,4,CUST-1002,9,16500,9500,10,0.00,0
2026-01-09,SKU-105,Kantha Stitch Stole,Accessories,STR-KOL-02,9,CUST-1041,32,1800,950,5,0.00,0
2026-01-10,SKU-101,Baluchari Silk Saree,Handloom Sarees,STR-KOL-01,8,CUST-1042,4,8500,4800,7,0.00,0
2026-01-10,SKU-102,Cotton Daily Saree,Daily Wear,STR-KOL-01,24,CUST-1043,31,1200,650,4,0.00,0
2026-01-10,SKU-103,Linen Casual Saree,Casual Wear,STR-KOL-02,2,CUST-1044,50,2400,1300,5,0.00,0
2026-01-10,SKU-106,Khadi Cotton Kurta,Mens Ethnic,STR-KOL-01,15,CUST-1045,50,1600,850,4,0.00,0
2026-01-10,SKU-107,Chanderi Dupatta,Accessories,STR-KOL-02,12,CUST-1046,33,2100,1100,5,0.10,1
2026-01-11,SKU-101,Baluchari Silk Saree,Handloom Sarees,STR-KOL-01,5,CUST-1047,3,8500,4800,7,0.00,0
2026-01-11,SKU-102,Cotton Daily Saree,Daily Wear,STR-KOL-01,21,CUST-1048,10,1200,650,4,0.00,0
2026-01-11,SKU-104,Tussar Silk Kurti,Ethnic Wear,STR-KOL-01,5,CUST-1049,8,4200,2300,6,0.00,0
2026-01-11,SKU-108,Kashmiri Pashmina Shawl,Luxury Winter,STR-KOL-01,3,CUST-1050,6,16500,9500,10,0.00,0
2026-01-11,SKU-105,Kantha Stitch Stole,Accessories,STR-KOL-02,11,CUST-1051,21,1800,950,5,0.00,0
2026-01-12,SKU-101,Baluchari Silk Saree,Handloom Sarees,STR-KOL-01,7,CUST-1052,2,8500,4800,7,0.00,0
2026-01-12,SKU-102,Cotton Daily Saree,Daily Wear,STR-KOL-01,23,CUST-1053,45,1200,650,4,0.00,0
2026-01-12,SKU-103,Linen Casual Saree,Casual Wear,STR-KOL-02,1,CUST-1054,49,2400,1300,5,0.00,0
2026-01-12,SKU-106,Khadi Cotton Kurta,Mens Ethnic,STR-KOL-01,16,CUST-1055,34,1600,850,4,0.00,0
2026-01-12,SKU-107,Chanderi Dupatta,Accessories,STR-KOL-02,10,CUST-1056,23,2100,1100,5,0.10,1
2026-01-13,SKU-101,Baluchari Silk Saree,Handloom Sarees,STR-KOL-01,6,CUST-1001,1,8500,4800,7,0.00,0
2026-01-13,SKU-102,Cotton Daily Saree,Daily Wear,STR-KOL-01,25,CUST-1057,20,1200,650,4,0.00,0
2026-01-13,SKU-104,Tussar Silk Kurti,Ethnic Wear,STR-KOL-01,6,CUST-1058,2,4200,2300,6,0.00,0
2026-01-13,SKU-108,Kashmiri Pashmina Shawl,Luxury Winter,STR-KOL-01,2,CUST-1059,4,16500,9500,10,0.00,0
2026-01-13,SKU-105,Kantha Stitch Stole,Accessories,STR-KOL-02,8,CUST-1060,13,1800,950,5,0.00,0
2026-01-14,SKU-101,Baluchari Silk Saree,Handloom Sarees,STR-KOL-01,9,CUST-1061,0,8500,4800,7,0.00,0
2026-01-14,SKU-102,Cotton Daily Saree,Daily Wear,STR-KOL-01,28,CUST-1062,5,1200,650,4,0.05,1
2026-01-14,SKU-103,Linen Casual Saree,Casual Wear,STR-KOL-02,3,CUST-1063,46,2400,1300,5,0.00,0
2026-01-14,SKU-106,Khadi Cotton Kurta,Mens Ethnic,STR-KOL-01,18,CUST-1064,16,1600,850,4,0.00,0
2026-01-14,SKU-107,Chanderi Dupatta,Accessories,STR-KOL-02,14,CUST-1065,9,2100,1100,5,0.10,1
